{"stats":{"minecraft:dropped":{"minecraft:ender_pearl":3},"minecraft:picked_up":{"minecraft:ender_pearl":3},"minecraft:custom":{"minecraft:jump":10,"minecraft:open_chest":1,"minecraft:time_since_rest":9089,"minecraft:crouch_one_cm":46,"minecraft:damage_dealt":30,"minecraft:play_time":9089,"minecraft:leave_game":3,"minecraft:sprint_one_cm":1872,"minecraft:walk_on_water_one_cm":1403,"minecraft:time_since_death":9089,"minecraft:walk_one_cm":1108,"minecraft:sneak_time":5,"minecraft:total_world_time":9089,"minecraft:drop":3,"minecraft:fly_one_cm":246951}},"DataVersion":3953}