{"stats":{"minecraft:custom":{"minecraft:animals_bred":1,"minecraft:interact_with_crafting_table":170,"minecraft:open_shulker_box":10,"minecraft:leave_game":34,"minecraft:time_since_death":65898,"minecraft:sprint_one_cm":3936040,"minecraft:damage_blocked_by_shield":3870,"minecraft:drop":141,"minecraft:talked_to_villager":1,"minecraft:play_time":1279375,"minecraft:deaths":107,"minecraft:jump":17709,"minecraft:walk_on_water_one_cm":266269,"minecraft:enchant_item":23,"minecraft:interact_with_furnace":72,"minecraft:sleep_in_bed":44,"minecraft:damage_dealt":86760,"minecraft:crouch_one_cm":80262,"minecraft:interact_with_smoker":25,"minecraft:interact_with_smithing_table":4,"minecraft:interact_with_anvil":14,"minecraft:mob_kills":1182,"minecraft:inspect_hopper":3,"minecraft:interact_with_campfire":8,"minecraft:climb_one_cm":73776,"minecraft:walk_one_cm":2614657,"minecraft:sneak_time":51112,"minecraft:walk_under_water_one_cm":117683,"minecraft:boat_one_cm":2092112,"minecraft:total_world_time":1279375,"minecraft:interact_with_stonecutter":1,"minecraft:time_since_rest":53698,"minecraft:damage_taken":43832,"minecraft:damage_absorbed":90,"minecraft:swim_one_cm":312494,"minecraft:fly_one_cm":4398400,"minecraft:open_chest":501,"minecraft:aviate_one_cm":1001910,"minecraft:fall_one_cm":485131},"minecraft:mined":{"minecraft:dark_oak_planks":37,"minecraft:attached_melon_stem":3,"minecraft:white_bed":1,"minecraft:farmland":86,"minecraft:cobblestone_stairs":6,"minecraft:obsidian":2,"minecraft:carved_pumpkin":1,"minecraft:granite":11,"minecraft:acacia_log":531,"minecraft:grass_block":760,"minecraft:purpur_slab":4,"minecraft:spawner":1,"minecraft:weeping_vines_plant":1,"minecraft:glowstone":6,"minecraft:iron_ore":34,"minecraft:fire":21,"minecraft:cobbled_deepslate":8,"minecraft:pumpkin":29,"minecraft:twisting_vines":1,"minecraft:pointed_dripstone":1,"minecraft:dirt_path":160,"minecraft:iron_bars":2,"minecraft:end_stone_bricks":4,"minecraft:orange_bed":2,"minecraft:tripwire":1,"minecraft:red_bed":7,"minecraft:blackstone":8,"minecraft:melon_stem":1,"minecraft:smoker":1,"minecraft:purpur_stairs":6,"minecraft:torch":5,"minecraft:melon":57,"minecraft:calcite":199,"minecraft:poppy":1,"minecraft:chest":7,"minecraft:nether_quartz_ore":16,"minecraft:cobblestone":102,"minecraft:oak_planks":1,"minecraft:sugar_cane":18,"minecraft:grindstone":2,"minecraft:wall_torch":16,"minecraft:amethyst_block":2,"minecraft:warped_nylium":1,"minecraft:wheat":164,"minecraft:brown_wall_banner":4,"minecraft:purpur_block":12,"minecraft:oak_log":54,"minecraft:oak_fence_gate":2,"minecraft:acacia_fence":60,"minecraft:sand":342,"minecraft:dirt":610,"minecraft:red_mushroom_block":11,"minecraft:ancient_debris":2,"minecraft:netherrack":1258,"minecraft:deepslate":3,"minecraft:oak_leaves":17,"minecraft:nether_gold_ore":6,"minecraft:pink_carpet":1,"minecraft:dark_oak_leaves":3,"minecraft:dark_oak_log":343,"minecraft:end_stone":474,"minecraft:shulker_box":2,"minecraft:dark_oak_fence":2,"minecraft:jungle_planks":1,"minecraft:acacia_slab":8,"minecraft:kelp":4,"minecraft:furnace":12,"minecraft:acacia_wood":8,"minecraft:acacia_stairs":176,"minecraft:andesite":5,"minecraft:nether_brick_fence":1,"minecraft:bookshelf":19,"minecraft:stripped_acacia_log":13,"minecraft:chorus_plant":3,"minecraft:bamboo":16,"minecraft:stone":956,"minecraft:white_wool":11,"minecraft:podzol":1,"minecraft:smithing_table":2,"minecraft:birch_stairs":2,"minecraft:acacia_leaves":131,"minecraft:glass_pane":4,"minecraft:magenta_stained_glass":2,"minecraft:crafting_table":8,"minecraft:short_grass":546,"minecraft:copper_ore":14,"minecraft:tall_grass":43,"minecraft:purpur_pillar":12,"minecraft:lapis_ore":5,"minecraft:diorite":34,"minecraft:birch_planks":4,"minecraft:cobblestone_wall":7,"minecraft:white_carpet":8,"minecraft:birch_leaves":5,"minecraft:black_wool":2,"minecraft:coal_ore":73,"minecraft:end_rod":3,"minecraft:gravel":23,"minecraft:acacia_door":2,"minecraft:cracked_stone_bricks":1,"minecraft:acacia_planks":57,"minecraft:stone_bricks":1,"minecraft:mossy_stone_bricks":1,"minecraft:gold_ore":3,"minecraft:fern":1},"minecraft:killed":{"minecraft:zombified_piglin":6,"minecraft:witch":2,"minecraft:spider":7,"minecraft:shulker":2,"minecraft:skeleton":6,"minecraft:chicken":11,"minecraft:silverfish":1,"minecraft:pig":7,"minecraft:zombie_villager":5,"minecraft:iron_golem":1,"minecraft:creeper":3,"minecraft:sheep":20,"minecraft:pillager":12,"minecraft:zombie":42,"minecraft:blaze":2,"minecraft:cow":30,"minecraft:vindicator":4,"minecraft:horse":2,"minecraft:bat":1,"minecraft:ravager":1,"minecraft:wither_skeleton":1,"minecraft:villager":1,"minecraft:enderman":1009},"minecraft:used":{"minecraft:nether_brick_fence":5,"minecraft:iron_shovel":712,"minecraft:elytra":3,"minecraft:diamond_hoe":226,"minecraft:shield":46,"minecraft:chest":9,"minecraft:iron_sword":250,"minecraft:rotten_flesh":28,"minecraft:iron_chestplate":2,"minecraft:mutton":1,"minecraft:acacia_sapling":1,"minecraft:obsidian":10,"minecraft:glass":22,"minecraft:lava_bucket":5,"minecraft:birch_sapling":1,"minecraft:stone_bricks":3,"minecraft:bow":11,"minecraft:furnace":11,"minecraft:acacia_fence":51,"minecraft:egg":2,"minecraft:potato":1,"minecraft:mossy_stone_bricks":4,"minecraft:diorite":3,"minecraft:diamond_boots":3,"minecraft:end_stone_bricks":4,"minecraft:stripped_acacia_log":1,"minecraft:oak_planks":14,"minecraft:stone_pickaxe":5,"minecraft:chorus_fruit":18,"minecraft:ender_pearl":18,"minecraft:wooden_pickaxe":16,"minecraft:composter":1,"minecraft:diamond_axe":585,"minecraft:purpur_pillar":7,"minecraft:white_wool":21,"minecraft:purpur_stairs":3,"minecraft:sand":293,"minecraft:acacia_leaves":84,"minecraft:end_stone":197,"minecraft:pumpkin_seeds":4,"minecraft:shears":21,"minecraft:firework_rocket":24,"minecraft:acacia_door":4,"minecraft:melon_slice":219,"minecraft:string":1,"minecraft:bread":36,"minecraft:gravel":11,"minecraft:diamond_sword":2873,"minecraft:grindstone":3,"minecraft:smithing_table":2,"minecraft:oak_boat":4,"minecraft:purpur_block":10,"minecraft:netherite_sword":5,"minecraft:iron_bars":2,"minecraft:stone_sword":14,"minecraft:acacia_log":77,"minecraft:cooked_chicken":7,"minecraft:netherrack":10,"minecraft:orange_bed":1,"minecraft:torch":95,"minecraft:dirt":1126,"minecraft:white_carpet":7,"minecraft:cobblestone_wall":9,"minecraft:shulker_box":2,"minecraft:granite":15,"minecraft:oak_fence_gate":2,"minecraft:dark_oak_planks":16,"minecraft:iron_axe":1011,"minecraft:acacia_slab":10,"minecraft:totem_of_undying":2,"minecraft:diamond_chestplate":2,"minecraft:glowstone":1,"minecraft:golden_carrot":1,"minecraft:beef":14,"minecraft:netherite_pickaxe":122,"minecraft:cooked_beef":33,"minecraft:cobbled_deepslate":2,"minecraft:acacia_planks":105,"minecraft:pumpkin":26,"minecraft:iron_leggings":2,"minecraft:calcite":75,"minecraft:wheat_seeds":270,"minecraft:cooked_mutton":8,"minecraft:acacia_boat":11,"minecraft:water_bucket":95,"minecraft:amethyst_block":65,"minecraft:cobblestone_stairs":5,"minecraft:cartography_table":1,"minecraft:cracked_stone_bricks":2,"minecraft:brown_banner":4,"minecraft:crafting_table":10,"minecraft:oak_slab":1,"minecraft:red_bed":7,"minecraft:white_bed":1,"minecraft:campfire":1,"minecraft:painting":30,"minecraft:warped_planks":1,"minecraft:smoker":3,"minecraft:acacia_stairs":182,"minecraft:black_wool":2,"minecraft:ender_eye":1,"minecraft:diamond_pickaxe":2768,"minecraft:diamond_shovel":1207,"minecraft:acacia_sign":9,"minecraft:iron_pickaxe":917,"minecraft:purpur_slab":4,"minecraft:acacia_fence_gate":1,"minecraft:cobblestone":574,"minecraft:potion":1,"minecraft:white_banner":1,"minecraft:bucket":101,"minecraft:cooked_porkchop":62,"minecraft:diamond_leggings":3,"minecraft:birch_stairs":2},"minecraft:crafted":{"minecraft:oak_planks":140,"minecraft:cooked_chicken":7,"minecraft:diamond_shovel":3,"minecraft:cooked_mutton":30,"minecraft:diamond_helmet":9,"minecraft:bow":1,"minecraft:diamond_leggings":9,"minecraft:chest":4,"minecraft:rail":16,"minecraft:golden_boots":1,"minecraft:smoker":2,"minecraft:cooked_porkchop":13,"minecraft:diamond_axe":2,"minecraft:crafting_table":4,"minecraft:acacia_slab":6,"minecraft:wooden_pickaxe":1,"minecraft:campfire":10,"minecraft:painting":1,"minecraft:cartography_table":1,"minecraft:paper":9,"minecraft:diamond_pickaxe":8,"minecraft:charcoal":6,"minecraft:shield":3,"minecraft:stick":229,"minecraft:iron_ingot":38,"minecraft:iron_pickaxe":2,"minecraft:iron_block":2,"minecraft:stone_sword":1,"minecraft:acacia_door":3,"minecraft:gold_ingot":67,"minecraft:oak_door":12,"minecraft:netherite_sword":1,"minecraft:diamond_hoe":1,"minecraft:furnace":2,"minecraft:acacia_fence_gate":1,"minecraft:bone_meal":3,"minecraft:white_carpet":3,"minecraft:flint_and_steel":1,"minecraft:iron_axe":3,"minecraft:stone_pickaxe":4,"minecraft:diamond_boots":6,"minecraft:minecart":1,"minecraft:cooked_beef":35,"minecraft:diamond_sword":5,"minecraft:iron_sword":1,"minecraft:acacia_trapdoor":38,"minecraft:bucket":3,"minecraft:acacia_stairs":40,"minecraft:acacia_boat":10,"minecraft:bread":57,"minecraft:oak_boat":4,"minecraft:golden_apple":1,"minecraft:acacia_sign":9,"minecraft:iron_shovel":4,"minecraft:iron_leggings":1,"minecraft:white_bed":1,"minecraft:acacia_planks":1424,"minecraft:torch":92,"minecraft:diamond_chestplate":7},"minecraft:dropped":{"minecraft:acacia_boat":1,"minecraft:porkchop":3,"minecraft:lapis_lazuli":83,"minecraft:ender_pearl":4,"minecraft:diamond":82,"minecraft:cooked_porkchop":1,"minecraft:leather":35,"minecraft:rail":32,"minecraft:elytra":1,"minecraft:dirt":192,"minecraft:crimson_roots":1,"minecraft:amethyst_shard":6,"minecraft:sand":49,"minecraft:iron_pickaxe":1,"minecraft:gold_ingot":8,"minecraft:sugar_cane":5,"minecraft:ancient_debris":42,"minecraft:cobbled_deepslate":34,"minecraft:wheat":6,"minecraft:netherite_sword":2,"minecraft:pointed_dripstone":1,"minecraft:end_stone":243,"minecraft:cooked_mutton":1,"minecraft:gunpowder":1,"minecraft:birch_trapdoor":58,"minecraft:melon_seeds":4,"minecraft:acacia_sapling":10,"minecraft:ladder":4,"minecraft:glass":16,"minecraft:campfire":9,"minecraft:acacia_fence":1,"minecraft:netherrack":71,"minecraft:water_bucket":1,"minecraft:golden_boots":1,"minecraft:bread":29,"minecraft:oak_slab":10,"minecraft:netherite_pickaxe":1,"minecraft:wheat_seeds":3,"minecraft:minecart":2,"minecraft:diamond_leggings":3,"minecraft:cobblestone":838,"minecraft:book":59,"minecraft:amethyst_block":57,"minecraft:granite":5,"minecraft:acacia_trapdoor":260,"minecraft:lava_bucket":1,"minecraft:melon_slice":4,"minecraft:diamond_helmet":8,"minecraft:iron_leggings":2,"minecraft:armadillo_scute":1,"minecraft:pumpkin":23,"minecraft:iron_shovel":1,"minecraft:bucket":2,"minecraft:acacia_planks":82,"minecraft:dandelion":1,"minecraft:stone_sword":1,"minecraft:light_gray_wool":1,"minecraft:iron_boots":2,"minecraft:shulker_box":1,"minecraft:shears":1,"minecraft:flint_and_steel":1,"minecraft:diamond_sword":1,"minecraft:hay_block":1,"minecraft:shield":1,"minecraft:diamond_chestplate":2,"minecraft:iron_chestplate":1,"minecraft:dragon_egg":1,"minecraft:diamond_pickaxe":3,"minecraft:oak_boat":1,"minecraft:spider_eye":1,"minecraft:bamboo":29,"minecraft:diamond_boots":3,"minecraft:sandstone":11,"minecraft:bow":1,"minecraft:calcite":2},"minecraft:killed_by":{"minecraft:zombie_villager":8,"minecraft:zombified_piglin":1,"minecraft:wither_skeleton":5,"minecraft:creeper":3,"minecraft:pillager":4,"minecraft:ravager":2,"minecraft:vindicator":18,"minecraft:blaze":8,"minecraft:witch":1,"minecraft:zombie":8,"minecraft:vex":5,"minecraft:player":1,"minecraft:spider":2,"minecraft:enderman":10,"minecraft:shulker":2,"minecraft:skeleton":9},"minecraft:broken":{"minecraft:iron_shovel":3,"minecraft:iron_sword":1,"minecraft:iron_axe":4,"minecraft:iron_pickaxe":4},"minecraft:picked_up":{"minecraft:iron_chestplate":16,"minecraft:wheat":223,"minecraft:ender_chest":4,"minecraft:nether_brick_fence":11,"minecraft:smithing_table":2,"minecraft:lead":5,"minecraft:diamond_sword":35,"minecraft:potion":6,"minecraft:enchanted_book":15,"minecraft:golden_sword":1,"minecraft:amethyst_block":239,"minecraft:string":82,"minecraft:raw_copper":195,"minecraft:iron_leggings":9,"minecraft:diamond_leggings":45,"minecraft:gold_nugget":15,"minecraft:cobbled_deepslate":47,"minecraft:bucket":26,"minecraft:ender_eye":1,"minecraft:calcite":471,"minecraft:wooden_shovel":1,"minecraft:iron_pickaxe":25,"minecraft:melon_slice":448,"minecraft:iron_boots":17,"minecraft:furnace":13,"minecraft:golden_helmet":2,"minecraft:stick":340,"minecraft:acacia_fence":68,"minecraft:composter":5,"minecraft:birch_trapdoor":116,"minecraft:torch":92,"minecraft:purpur_pillar":14,"minecraft:acacia_log":547,"minecraft:pink_carpet":1,"minecraft:porkchop":15,"minecraft:pointed_dripstone":1,"minecraft:diorite":34,"minecraft:warped_planks":1,"minecraft:golden_chestplate":1,"minecraft:orange_bed":4,"minecraft:stone_sword":2,"minecraft:rotten_flesh":157,"minecraft:armadillo_scute":2,"minecraft:carved_pumpkin":1,"minecraft:end_rod":32,"minecraft:blaze_rod":1,"minecraft:obsidian":15,"minecraft:iron_bars":2,"minecraft:snowball":2,"minecraft:cobblestone":2519,"minecraft:magma_block":8,"minecraft:feather":5,"minecraft:cooked_beef":55,"minecraft:water_bucket":13,"minecraft:andesite":8,"minecraft:acacia_leaves":80,"minecraft:smoker":1,"minecraft:potato":1,"minecraft:flint":15,"minecraft:acacia_boat":2,"minecraft:lapis_lazuli":672,"minecraft:dirt":2432,"minecraft:glass":78,"minecraft:bone":56,"minecraft:acacia_planks":276,"minecraft:bow":13,"minecraft:wheat_seeds":782,"minecraft:raw_gold":6,"minecraft:grindstone":2,"minecraft:mossy_stone_bricks":23,"minecraft:diamond_helmet":22,"minecraft:glowstone_dust":4,"minecraft:bamboo":370,"minecraft:oak_planks":78,"minecraft:cooked_porkchop":233,"minecraft:sand":986,"minecraft:jungle_planks":1,"minecraft:acacia_stairs":253,"minecraft:dark_oak_log":321,"minecraft:shulker_box":34,"minecraft:stripped_acacia_log":12,"minecraft:diamond":241,"minecraft:crossbow":3,"minecraft:granite":42,"minecraft:bone_meal":19,"minecraft:emerald":20,"minecraft:bread":163,"minecraft:oak_sapling":1,"minecraft:netherrack":904,"minecraft:chorus_fruit":32,"minecraft:dark_oak_fence":2,"minecraft:crimson_roots":2,"minecraft:diamond_pickaxe":49,"minecraft:end_stone_bricks":4,"minecraft:charcoal":2,"minecraft:crafting_table":11,"minecraft:ominous_bottle":1,"minecraft:chicken":7,"minecraft:ladder":7,"minecraft:diamond_horse_armor":9,"minecraft:purpur_block":18,"minecraft:shield":35,"minecraft:oak_trapdoor":68,"minecraft:red_bed":7,"minecraft:elytra":7,"minecraft:iron_axe":34,"minecraft:acacia_door":101,"minecraft:white_carpet":115,"minecraft:iron_shovel":6,"minecraft:blackstone":15,"minecraft:cracked_stone_bricks":4,"minecraft:netherite_sword":3,"minecraft:beef":85,"minecraft:oak_boat":3,"minecraft:light_gray_wool":1,"minecraft:minecart":1,"minecraft:sugar_cane":32,"minecraft:chest":7,"minecraft:birch_sapling":1,"minecraft:diamond_hoe":4,"minecraft:egg":3,"minecraft:raw_iron":72,"minecraft:sandstone":22,"minecraft:end_stone":645,"minecraft:redstone":189,"minecraft:netherite_pickaxe":1,"minecraft:dark_oak_planks":32,"minecraft:arrow":95,"minecraft:weeping_vines":3,"minecraft:diamond_chestplate":18,"minecraft:nether_bricks":3,"minecraft:shears":7,"minecraft:diamond_boots":39,"minecraft:purpur_slab":17,"minecraft:hay_block":4,"minecraft:saddle":11,"minecraft:gold_ingot":71,"minecraft:totem_of_undying":11,"minecraft:mutton":31,"minecraft:white_wool":122,"minecraft:rail":34,"minecraft:leather":65,"minecraft:acacia_wood":8,"minecraft:birch_planks":4,"minecraft:purpur_stairs":5,"minecraft:oak_log":54,"minecraft:ancient_debris":42,"minecraft:golden_boots":2,"minecraft:cobblestone_wall":9,"minecraft:gunpowder":34,"minecraft:cobblestone_stairs":5,"minecraft:paper":37,"minecraft:white_banner":6,"minecraft:cooked_mutton":6,"minecraft:red_carpet":165,"minecraft:apple":1,"minecraft:stone_bricks":4,"minecraft:kelp":19,"minecraft:acacia_trapdoor":328,"minecraft:iron_ingot":96,"minecraft:oak_fence_gate":2,"minecraft:stone_pickaxe":7,"minecraft:glass_bottle":11,"minecraft:iron_sword":1,"minecraft:acacia_sapling":28,"minecraft:book":93,"minecraft:oak_slab":18,"minecraft:warped_fungus":4,"minecraft:pumpkin":49,"minecraft:quartz":20,"minecraft:dandelion":1,"minecraft:gravel":29,"minecraft:lava_bucket":1,"minecraft:birch_stairs":2,"minecraft:amethyst_shard":12,"minecraft:white_bed":1,"minecraft:crying_obsidian":2,"minecraft:spider_eye":7,"minecraft:dragon_egg":1,"minecraft:firework_rocket":36,"minecraft:diamond_shovel":8,"minecraft:pumpkin_seeds":207,"minecraft:iron_helmet":3,"minecraft:diamond_axe":2,"minecraft:painting":29,"minecraft:gray_wool":2,"minecraft:oak_button":2,"minecraft:melon_seeds":16,"minecraft:brown_banner":9,"minecraft:acacia_slab":19,"minecraft:black_wool":3,"minecraft:coal":157,"minecraft:ender_pearl":234}},"DataVersion":3953}