{"stats":{"minecraft:custom":{"minecraft:interact_with_crafting_table":318,"minecraft:leave_game":53,"minecraft:time_since_death":231302,"minecraft:damage_blocked_by_shield":23598,"minecraft:play_time":2432106,"minecraft:deaths":46,"minecraft:jump":38043,"minecraft:enchant_item":58,"minecraft:interact_with_furnace":442,"minecraft:traded_with_villager":196,"minecraft:sleep_in_bed":58,"minecraft:damage_dealt":269529,"minecraft:interact_with_smoker":9,"minecraft:interact_with_smithing_table":12,"minecraft:interact_with_anvil":62,"minecraft:inspect_hopper":4,"minecraft:sneak_time":158963,"minecraft:total_world_time":2432106,"minecraft:interact_with_stonecutter":4,"minecraft:time_since_rest":161397,"minecraft:swim_one_cm":583310,"minecraft:fly_one_cm":7888614,"minecraft:open_chest":894,"minecraft:fall_one_cm":868519,"minecraft:animals_bred":1,"minecraft:open_shulker_box":166,"minecraft:sprint_one_cm":4429591,"minecraft:drop":975,"minecraft:talked_to_villager":371,"minecraft:interact_with_brewingstand":3,"minecraft:walk_on_water_one_cm":358982,"minecraft:player_kills":1,"minecraft:crouch_one_cm":664772,"minecraft:mob_kills":5383,"minecraft:climb_one_cm":121527,"minecraft:walk_one_cm":4521462,"minecraft:walk_under_water_one_cm":161160,"minecraft:boat_one_cm":1319760,"minecraft:raid_trigger":1,"minecraft:interact_with_grindstone":5,"minecraft:damage_taken":45667,"minecraft:damage_absorbed":160,"minecraft:aviate_one_cm":3486970},"minecraft:mined":{"minecraft:dark_oak_planks":17,"minecraft:dragon_wall_head":2,"minecraft:white_bed":5,"minecraft:jungle_leaves":3,"minecraft:carved_pumpkin":18,"minecraft:obsidian":84,"minecraft:granite":132,"minecraft:acacia_log":1250,"minecraft:brown_wool":2,"minecraft:jungle_log":9,"minecraft:purpur_slab":1,"minecraft:hopper":1,"minecraft:nether_wart":20,"minecraft:spawner":3,"minecraft:polished_blackstone_bricks":43,"minecraft:weeping_vines_plant":1,"minecraft:magma_block":55,"minecraft:fire":62,"minecraft:cobbled_deepslate":139,"minecraft:pumpkin":12,"minecraft:fletching_table":20,"minecraft:deepslate_lapis_ore":26,"minecraft:enchanting_table":2,"minecraft:twisting_vines":7,"minecraft:dirt_path":18,"minecraft:red_bed":6,"minecraft:crimson_nylium":3,"minecraft:smoker":1,"minecraft:soul_fire":10,"minecraft:powder_snow":3,"minecraft:torch":7,"minecraft:melon":27,"minecraft:smooth_quartz_slab":1,"minecraft:glass":1,"minecraft:sugar_cane":144,"minecraft:amethyst_block":188,"minecraft:white_terracotta":1,"minecraft:wheat":148,"minecraft:warped_fungus":14,"minecraft:smooth_basalt":2,"minecraft:acacia_sign":1,"minecraft:piston":3,"minecraft:deepslate":2050,"minecraft:dark_oak_log":57,"minecraft:shulker_box":59,"minecraft:end_stone":1820,"minecraft:nether_bricks":27,"minecraft:jungle_planks":2,"minecraft:crimson_roots":14,"minecraft:cartography_table":3,"minecraft:red_mushroom":1,"minecraft:acacia_trapdoor":30,"minecraft:snow":30,"minecraft:andesite":164,"minecraft:vine":5,"minecraft:cobblestone_slab":13,"minecraft:rail":4,"minecraft:warped_stem":149,"minecraft:bamboo":5,"minecraft:bone_block":73,"minecraft:white_wool":1,"minecraft:ender_chest":1,"minecraft:smithing_table":3,"minecraft:glass_pane":8,"minecraft:soul_sand":20,"minecraft:short_grass":398,"minecraft:emerald_ore":3,"minecraft:warped_roots":24,"minecraft:campfire":2,"minecraft:purpur_pillar":3,"minecraft:copper_ore":14,"minecraft:tall_grass":60,"minecraft:deepslate_gold_ore":231,"minecraft:diorite":136,"minecraft:warped_wart_block":7,"minecraft:cobblestone_wall":10,"minecraft:white_carpet":7,"minecraft:spruce_log":3,"minecraft:gravel":155,"minecraft:acacia_door":3,"minecraft:cobweb":20,"minecraft:acacia_planks":34,"minecraft:oak_button":5,"minecraft:stone_bricks":5,"minecraft:gold_ore":1,"minecraft:chipped_anvil":2,"minecraft:fern":5,"minecraft:attached_melon_stem":3,"minecraft:farmland":2,"minecraft:cobblestone_stairs":1,"minecraft:brewing_stand":4,"minecraft:budding_amethyst":21,"minecraft:grass_block":282,"minecraft:cracked_polished_blackstone_bricks":10,"minecraft:soul_soil":3,"minecraft:composter":5,"minecraft:glowstone":24,"minecraft:iron_ore":463,"minecraft:iron_bars":1,"minecraft:end_stone_bricks":10,"minecraft:deepslate_redstone_ore":31,"minecraft:blackstone":68,"minecraft:twisting_vines_plant":8,"minecraft:melon_stem":1,"minecraft:purpur_stairs":12,"minecraft:clay":1,"minecraft:calcite":90,"minecraft:chest":2,"minecraft:cobblestone":685,"minecraft:nether_quartz_ore":88,"minecraft:grindstone":3,"minecraft:oak_planks":20,"minecraft:iron_door":2,"minecraft:wall_torch":2,"minecraft:seagrass":2,"minecraft:warped_nylium":33,"minecraft:warped_planks":7,"minecraft:nether_wart_block":4,"minecraft:birch_log":44,"minecraft:birch_trapdoor":4,"minecraft:purpur_block":10,"minecraft:oak_log":440,"minecraft:acacia_fence":32,"minecraft:sand":493,"minecraft:dirt":788,"minecraft:crimson_planks":5,"minecraft:netherrack":3423,"minecraft:ancient_debris":41,"minecraft:oak_leaves":431,"minecraft:nether_gold_ore":17,"minecraft:diamond_ore":7,"minecraft:tuff":182,"minecraft:dark_oak_leaves":3,"minecraft:deepslate_diamond_ore":382,"minecraft:lever":1,"minecraft:ladder":4,"minecraft:sandstone":26,"minecraft:crimson_stem":54,"minecraft:hay_block":34,"minecraft:oak_trapdoor":19,"minecraft:furnace":22,"minecraft:nether_sprouts":5,"minecraft:gold_block":17,"minecraft:bell":2,"minecraft:nether_brick_fence":7,"minecraft:bookshelf":185,"minecraft:deepslate_iron_ore":46,"minecraft:stripped_oak_log":16,"minecraft:chorus_plant":1,"minecraft:stone":5891,"minecraft:podzol":1,"minecraft:acacia_leaves":403,"minecraft:magenta_stained_glass":4,"minecraft:snow_block":18,"minecraft:warped_fence":1,"minecraft:crafting_table":30,"minecraft:lectern":48,"minecraft:lapis_ore":20,"minecraft:acacia_fence_gate":1,"minecraft:yellow_bed":4,"minecraft:coal_ore":233,"minecraft:end_rod":9,"minecraft:cracked_stone_bricks":3,"minecraft:mossy_stone_bricks":7},"minecraft:crafted":{"minecraft:blaze_powder":20,"minecraft:lever":1,"minecraft:diamond_shovel":1,"minecraft:bookshelf":27,"minecraft:shulker_box":4,"minecraft:cooked_mutton":21,"minecraft:iron_bars":16,"minecraft:glass":38,"minecraft:diamond_helmet":6,"minecraft:diamond_leggings":6,"minecraft:netherite_boots":1,"minecraft:acacia_fence":135,"minecraft:wooden_shovel":2,"minecraft:emerald":177,"minecraft:cooked_porkchop":34,"minecraft:diamond_axe":2,"minecraft:acacia_slab":12,"minecraft:fletching_table":6,"minecraft:campfire":1,"minecraft:lectern":3,"minecraft:iron_pickaxe":7,"minecraft:iron_block":13,"minecraft:acacia_door":12,"minecraft:gold_ingot":336,"minecraft:netherite_ingot":10,"minecraft:composter":3,"minecraft:acacia_fence_gate":5,"minecraft:bone_meal":744,"minecraft:netherite_axe":1,"minecraft:ladder":81,"minecraft:stone_pickaxe":2,"minecraft:diamond_boots":6,"minecraft:dark_oak_planks":212,"minecraft:golden_helmet":1,"minecraft:wheat":270,"minecraft:netherite_pickaxe":1,"minecraft:enchanting_table":2,"minecraft:acacia_trapdoor":632,"minecraft:enchanted_book":6,"minecraft:oak_fence_gate":6,"minecraft:wooden_axe":1,"minecraft:birch_trapdoor":58,"minecraft:iron_shovel":5,"minecraft:iron_leggings":2,"minecraft:white_bed":5,"minecraft:oak_planks":1811,"minecraft:cobblestone_slab":294,"minecraft:stone":3,"minecraft:warped_planks":576,"minecraft:hopper":31,"minecraft:bow":1,"minecraft:iron_boots":2,"minecraft:chest":76,"minecraft:oak_button":18,"minecraft:netherite_upgrade_smithing_template":12,"minecraft:ender_eye":16,"minecraft:oak_fence":18,"minecraft:golden_boots":1,"minecraft:oak_slab":42,"minecraft:arrow":144,"minecraft:map":3,"minecraft:crafting_table":17,"minecraft:spruce_planks":12,"minecraft:wooden_pickaxe":1,"minecraft:iron_helmet":2,"minecraft:acacia_button":20,"minecraft:birch_planks":176,"minecraft:iron_chestplate":2,"minecraft:book":25,"minecraft:paper":219,"minecraft:diamond_pickaxe":6,"minecraft:shield":14,"minecraft:stick":6219,"minecraft:iron_ingot":577,"minecraft:snow_block":25,"minecraft:shears":5,"minecraft:netherite_sword":1,"minecraft:furnace":10,"minecraft:piston":1,"minecraft:oak_trapdoor":324,"minecraft:flint_and_steel":1,"minecraft:warped_fence":15,"minecraft:iron_axe":10,"minecraft:iron_hoe":1,"minecraft:cobblestone_wall":1,"minecraft:netherite_scrap":43,"minecraft:cooked_beef":9,"minecraft:crimson_planks":208,"minecraft:diamond_sword":8,"minecraft:bucket":8,"minecraft:stone_axe":1,"minecraft:acacia_boat":9,"minecraft:bread":102,"minecraft:air":0,"minecraft:jungle_planks":36,"minecraft:oak_boat":2,"minecraft:stonecutter":1,"minecraft:anvil":4,"minecraft:acacia_planks":4831,"minecraft:torch":156,"minecraft:diamond_chestplate":4,"minecraft:firework_rocket":183},"minecraft:killed_by":{"minecraft:pillager":1,"minecraft:ravager":4,"minecraft:vindicator":14,"minecraft:vex":6,"minecraft:evoker":1,"minecraft:wither_skeleton":3,"minecraft:creeper":3,"minecraft:drowned":1,"minecraft:blaze":2,"minecraft:enderman":1},"minecraft:picked_up":{"minecraft:wooden_axe":1,"minecraft:iron_chestplate":22,"minecraft:smithing_table":3,"minecraft:lead":4,"minecraft:diamond_sword":33,"minecraft:enchanted_book":8,"minecraft:brewing_stand":6,"minecraft:golden_sword":1,"minecraft:amethyst_block":214,"minecraft:string":39,"minecraft:soul_soil":6,"minecraft:diamond_leggings":34,"minecraft:cobbled_deepslate":2599,"minecraft:gold_nugget":91,"minecraft:acacia_sign":1,"minecraft:acacia_fence_gate":1,"minecraft:melon_slice":390,"minecraft:golden_helmet":1,"minecraft:composter":6,"minecraft:acacia_log":1293,"minecraft:purpur_pillar":8,"minecraft:warped_planks":7,"minecraft:stone_sword":3,"minecraft:carved_pumpkin":18,"minecraft:glowstone":305,"minecraft:bookshelf":29,"minecraft:end_rod":26,"minecraft:white_terracotta":2,"minecraft:blaze_rod":17,"minecraft:iron_bars":2,"minecraft:snowball":348,"minecraft:birch_log":44,"minecraft:magma_block":16,"minecraft:iron_door":2,"minecraft:water_bucket":9,"minecraft:jungle_log":9,"minecraft:brown_wool":3,"minecraft:acacia_leaves":133,"minecraft:smoker":1,"minecraft:flint":30,"minecraft:twisting_vines":15,"minecraft:chipped_anvil":4,"minecraft:diamond_helmet":20,"minecraft:glowstone_dust":11,"minecraft:warped_wart_block":7,"minecraft:acacia_stairs":31,"minecraft:dark_oak_log":53,"minecraft:lever":2,"minecraft:granite":136,"minecraft:bread":103,"minecraft:crimson_roots":29,"minecraft:diamond_pickaxe":37,"minecraft:crafting_table":38,"minecraft:ominous_bottle":2,"minecraft:clay_ball":4,"minecraft:nether_wart":24,"minecraft:dragon_head":3,"minecraft:purpur_block":6,"minecraft:red_bed":6,"minecraft:elytra":27,"minecraft:acacia_door":7,"minecraft:flint_and_steel":2,"minecraft:white_carpet":325,"minecraft:iron_shovel":3,"minecraft:cracked_stone_bricks":2,"minecraft:cartography_table":3,"minecraft:netherite_sword":2,"minecraft:beef":9,"minecraft:poppy":7,"minecraft:minecart":8,"minecraft:chest":2,"minecraft:piston":3,"minecraft:egg":1,"minecraft:sandstone":34,"minecraft:oak_door":12,"minecraft:fire_charge":1,"minecraft:redstone":341,"minecraft:netherite_pickaxe":3,"minecraft:diamond_chestplate":23,"minecraft:shears":4,"minecraft:diamond_boots":18,"minecraft:hay_block":32,"minecraft:purpur_slab":11,"minecraft:gold_ingot":9,"minecraft:totem_of_undying":22,"minecraft:mutton":33,"minecraft:bone_block":73,"minecraft:rail":19,"minecraft:white_wool":27,"minecraft:stripped_oak_log":16,"minecraft:red_mushroom":1,"minecraft:purpur_stairs":8,"minecraft:oak_log":451,"minecraft:ancient_debris":86,"minecraft:golden_boots":2,"minecraft:paper":525,"minecraft:white_banner":18,"minecraft:stone_bricks":4,"minecraft:apple":2,"minecraft:warped_stem":146,"minecraft:stone_pickaxe":3,"minecraft:glass_bottle":19,"minecraft:iron_sword":16,"minecraft:smooth_basalt":2,"minecraft:gravel":132,"minecraft:spruce_log":3,"minecraft:crying_obsidian":3,"minecraft:dragon_egg":2,"minecraft:firework_rocket":66,"minecraft:diamond_shovel":1,"minecraft:stone_axe":1,"minecraft:short_grass":4,"minecraft:light_blue_carpet":1,"minecraft:painting":9,"minecraft:diamond_axe":9,"minecraft:gray_wool":1,"minecraft:warped_roots":46,"minecraft:oak_button":11,"minecraft:melon_seeds":41,"minecraft:warped_nylium":20,"minecraft:smooth_quartz_slab":1,"minecraft:hopper":3,"minecraft:ender_pearl":1086,"minecraft:shulker_shell":17,"minecraft:wheat":112,"minecraft:ender_chest":6,"minecraft:nether_brick_fence":9,"minecraft:potion":6,"minecraft:stone_brick_stairs":1,"minecraft:crimson_planks":3,"minecraft:raw_copper":79,"minecraft:iron_leggings":5,"minecraft:bucket":11,"minecraft:cobblestone_slab":79,"minecraft:ender_eye":4,"minecraft:calcite":103,"minecraft:iron_pickaxe":13,"minecraft:iron_boots":6,"minecraft:furnace":39,"minecraft:stick":207,"minecraft:acacia_fence":43,"minecraft:birch_trapdoor":62,"minecraft:torch":27,"minecraft:porkchop":59,"minecraft:diorite":168,"minecraft:rotten_flesh":75,"minecraft:obsidian":107,"minecraft:cobblestone":7469,"minecraft:enchanting_table":2,"minecraft:andesite":144,"minecraft:tuff":223,"minecraft:acacia_boat":88,"minecraft:dirt":1399,"minecraft:lapis_lazuli":1659,"minecraft:leather_boots":1,"minecraft:bone":183,"minecraft:acacia_planks":424,"minecraft:bow":15,"minecraft:wheat_seeds":450,"minecraft:raw_gold":265,"minecraft:bell":4,"minecraft:grindstone":3,"minecraft:mossy_stone_bricks":5,"minecraft:fletching_table":22,"minecraft:bamboo":30,"minecraft:oak_planks":71,"minecraft:cooked_porkchop":381,"minecraft:jungle_planks":2,"minecraft:sand":472,"minecraft:shulker_box":73,"minecraft:diamond":1330,"minecraft:cracked_polished_blackstone_bricks":10,"minecraft:crossbow":4,"minecraft:bone_meal":1,"minecraft:emerald":101,"minecraft:oak_sapling":12,"minecraft:netherrack":2899,"minecraft:chorus_fruit":42,"minecraft:oak_leaves":222,"minecraft:end_stone_bricks":13,"minecraft:charcoal":4,"minecraft:ladder":24,"minecraft:wooden_pickaxe":3,"minecraft:gold_block":17,"minecraft:diamond_horse_armor":5,"minecraft:shield":35,"minecraft:oak_trapdoor":30,"minecraft:iron_axe":29,"minecraft:warped_fence":2,"minecraft:blackstone":61,"minecraft:oak_boat":9,"minecraft:light_gray_wool":1,"minecraft:lectern":48,"minecraft:sugar_cane":293,"minecraft:raw_iron":604,"minecraft:end_stone":2198,"minecraft:polished_blackstone_bricks":129,"minecraft:dark_oak_planks":21,"minecraft:weeping_vines":2,"minecraft:arrow":766,"minecraft:nether_bricks":23,"minecraft:saddle":14,"minecraft:crimson_stem":54,"minecraft:leather":56,"minecraft:gunpowder":75,"minecraft:nether_wart_block":7,"minecraft:yellow_bed":4,"minecraft:cobblestone_wall":7,"minecraft:cobblestone_stairs":6,"minecraft:red_carpet":104,"minecraft:acacia_trapdoor":171,"minecraft:iron_ingot":856,"minecraft:soul_sand":20,"minecraft:acacia_sapling":58,"minecraft:book":578,"minecraft:oak_slab":12,"minecraft:warped_fungus":23,"minecraft:nether_quartz_ore":2,"minecraft:pumpkin":12,"minecraft:quartz":180,"minecraft:lava_bucket":2,"minecraft:amethyst_shard":6,"minecraft:white_bed":5,"minecraft:spider_eye":5,"minecraft:pumpkin_seeds":68,"minecraft:campfire":9,"minecraft:iron_helmet":2,"minecraft:black_wool":2,"minecraft:coal":429},"minecraft:used":{"minecraft:elytra":18,"minecraft:ladder":74,"minecraft:chest":43,"minecraft:lava_bucket":8,"minecraft:villager_spawn_egg":3,"minecraft:stone_brick_stairs":1,"minecraft:bow":125,"minecraft:ominous_bottle":1,"minecraft:furnace":31,"minecraft:acacia_fence":104,"minecraft:short_grass":1,"minecraft:diorite":41,"minecraft:chorus_fruit":40,"minecraft:acacia_trapdoor":671,"minecraft:blackstone":4,"minecraft:wooden_pickaxe":6,"minecraft:composter":4,"minecraft:oak_leaves":136,"minecraft:sand":74,"minecraft:acacia_leaves":192,"minecraft:lectern":49,"minecraft:nether_wart_block":3,"minecraft:diamond_sword":2946,"minecraft:smithing_table":2,"minecraft:oak_boat":5,"minecraft:oak_trapdoor":345,"minecraft:enchanting_table":4,"minecraft:iron_bars":2,"minecraft:carved_pumpkin":18,"minecraft:netherrack":394,"minecraft:torch":168,"minecraft:brewing_stand":1,"minecraft:warped_wart_block":2,"minecraft:anvil":5,"minecraft:oak_fence_gate":6,"minecraft:chipped_anvil":5,"minecraft:iron_axe":1895,"minecraft:warped_fence":15,"minecraft:totem_of_undying":3,"minecraft:diamond_chestplate":16,"minecraft:glowstone":4,"minecraft:goat_horn":2,"minecraft:cobbled_deepslate":795,"minecraft:acacia_planks":126,"minecraft:calcite":173,"minecraft:wheat_seeds":157,"minecraft:water_bucket":601,"minecraft:birch_planks":2,"minecraft:cartography_table":1,"minecraft:fletching_table":23,"minecraft:polished_blackstone_bricks":13,"minecraft:snow_golem_spawn_egg":22,"minecraft:rail":6,"minecraft:crafting_table":42,"minecraft:red_bed":6,"minecraft:white_bed":9,"minecraft:campfire":10,"minecraft:ender_eye":13,"minecraft:diamond_pickaxe":15772,"minecraft:diamond_shovel":526,"minecraft:acacia_sign":1,"minecraft:oak_button":42,"minecraft:iron_pickaxe":839,"minecraft:cobblestone":5681,"minecraft:potion":2,"minecraft:cooked_porkchop":311,"minecraft:diamond_leggings":4,"minecraft:iron_shovel":963,"minecraft:shield":321,"minecraft:iron_sword":583,"minecraft:bell":1,"minecraft:iron_chestplate":4,"minecraft:jungle_planks":38,"minecraft:nether_bricks":3,"minecraft:tuff":35,"minecraft:obsidian":24,"minecraft:glass":4,"minecraft:warped_nylium":6,"minecraft:iron_helmet":1,"minecraft:stone_bricks":2,"minecraft:birch_trapdoor":62,"minecraft:warped_fungus":8,"minecraft:hay_block":1,"minecraft:end_rod":1,"minecraft:diamond_boots":3,"minecraft:stone_pickaxe":153,"minecraft:oak_planks":32,"minecraft:ender_pearl":84,"minecraft:sandstone":13,"minecraft:diamond_axe":853,"minecraft:sugar_cane":17,"minecraft:white_wool":2,"minecraft:end_stone":1906,"minecraft:shears":434,"minecraft:lever":2,"minecraft:firework_rocket":72,"minecraft:acacia_door":7,"minecraft:melon_slice":128,"minecraft:bread":117,"minecraft:brown_wool":2,"minecraft:gravel":2,"minecraft:grindstone":1,"minecraft:andesite":1,"minecraft:oak_fence":18,"minecraft:netherite_sword":961,"minecraft:flint_and_steel":3,"minecraft:spruce_planks":7,"minecraft:wooden_shovel":69,"minecraft:dirt":905,"minecraft:white_carpet":84,"minecraft:hopper":31,"minecraft:cobblestone_wall":46,"minecraft:diamond_helmet":3,"minecraft:shulker_box":60,"minecraft:granite":11,"minecraft:iron_hoe":170,"minecraft:dark_oak_planks":233,"minecraft:wooden_axe":5,"minecraft:bookshelf":49,"minecraft:iron_boots":1,"minecraft:crimson_planks":155,"minecraft:netherite_pickaxe":596,"minecraft:minecart":4,"minecraft:cooked_beef":19,"minecraft:pumpkin":12,"minecraft:iron_leggings":2,"minecraft:cooked_mutton":42,"minecraft:acacia_boat":79,"minecraft:amethyst_block":50,"minecraft:snow_block":34,"minecraft:stonecutter":1,"minecraft:cobblestone_slab":132,"minecraft:painting":4,"minecraft:warped_planks":562,"minecraft:piston":3,"minecraft:netherite_axe":74,"minecraft:acacia_fence_gate":6,"minecraft:stone_axe":5,"minecraft:bucket":613,"minecraft:yellow_bed":2},"minecraft:broken":{"minecraft:diamond_helmet":1,"minecraft:shears":1,"minecraft:diamond_pickaxe":1,"minecraft:shield":5,"minecraft:iron_axe":4,"minecraft:iron_pickaxe":1,"minecraft:golden_helmet":1,"minecraft:iron_shovel":2,"minecraft:stone_pickaxe":1},"minecraft:dropped":{"minecraft:crimson_stem":2,"minecraft:iron_sword":1,"minecraft:short_grass":3,"minecraft:cooked_beef":20,"minecraft:chorus_fruit":2,"minecraft:glass_bottle":1,"minecraft:crafting_table":5,"minecraft:cooked_porkchop":174,"minecraft:crossbow":3,"minecraft:weeping_vines":1,"minecraft:warped_roots":42,"minecraft:cracked_stone_bricks":2,"minecraft:purpur_stairs":8,"minecraft:brown_banner":3,"minecraft:elytra":3,"minecraft:red_mushroom":1,"minecraft:red_carpet":104,"minecraft:emerald":1,"minecraft:dirt":355,"minecraft:gold_nugget":34,"minecraft:bone_meal":1,"minecraft:sand":8,"minecraft:iron_pickaxe":8,"minecraft:white_wool":3,"minecraft:bone":9,"minecraft:stone_axe":1,"minecraft:ancient_debris":43,"minecraft:sugar_cane":2,"minecraft:lever":1,"minecraft:cobbled_deepslate":1425,"minecraft:wheat":7,"minecraft:netherite_sword":1,"minecraft:obsidian":13,"minecraft:rotten_flesh":61,"minecraft:oak_planks":46,"minecraft:glowstone_dust":3,"minecraft:end_stone":79,"minecraft:nether_brick_fence":5,"minecraft:white_bed":1,"minecraft:warped_planks":1,"minecraft:acacia_button":1,"minecraft:charcoal":6,"minecraft:leather_boots":1,"minecraft:acacia_sapling":40,"minecraft:ladder":7,"minecraft:painting":3,"minecraft:end_stone_bricks":10,"minecraft:glass":34,"minecraft:warped_wart_block":5,"minecraft:crying_obsidian":1,"minecraft:acacia_fence":39,"minecraft:egg":1,"minecraft:enchanted_book":8,"minecraft:golden_boots":1,"minecraft:iron_ingot":11,"minecraft:netherite_pickaxe":1,"minecraft:wheat_seeds":205,"minecraft:book":55,"minecraft:purpur_slab":7,"minecraft:cobblestone":754,"minecraft:iron_helmet":4,"minecraft:apple":2,"minecraft:granite":124,"minecraft:coal":30,"minecraft:end_rod":3,"minecraft:gray_wool":1,"minecraft:wooden_axe":1,"minecraft:diamond_helmet":3,"minecraft:potion":1,"minecraft:chipped_anvil":1,"minecraft:iron_shovel":1,"minecraft:paper":43,"minecraft:string":37,"minecraft:acacia_planks":55,"minecraft:snow_block":2,"minecraft:purpur_pillar":8,"minecraft:soul_soil":6,"minecraft:stone_sword":3,"minecraft:cobblestone_wall":3,"minecraft:white_carpet":49,"minecraft:clay_ball":4,"minecraft:iron_boots":5,"minecraft:white_terracotta":2,"minecraft:nether_bricks":16,"minecraft:shears":2,"minecraft:pumpkin_seeds":68,"minecraft:diamond_sword":5,"minecraft:hay_block":1,"minecraft:cobblestone_slab":123,"minecraft:spruce_planks":3,"minecraft:diamond_pickaxe":7,"minecraft:light_blue_carpet":1,"minecraft:yellow_bed":1,"minecraft:wooden_shovel":2,"minecraft:stone_bricks":2,"minecraft:spider_eye":5,"minecraft:sandstone":10,"minecraft:bow":2,"minecraft:bell":1,"minecraft:magma_block":16,"minecraft:black_wool":2,"minecraft:acacia_boat":1,"minecraft:warped_stem":2,"minecraft:warped_fungus":12,"minecraft:ender_pearl":1298,"minecraft:leather":27,"minecraft:cobblestone_stairs":6,"minecraft:flint":14,"minecraft:cracked_polished_blackstone_bricks":10,"minecraft:crimson_roots":29,"minecraft:snowball":66,"minecraft:polished_blackstone_bricks":116,"minecraft:acacia_door":12,"minecraft:gold_ingot":3,"minecraft:gravel":129,"minecraft:purpur_block":6,"minecraft:blackstone":57,"minecraft:twisting_vines":15,"minecraft:diamond_shovel":1,"minecraft:cooked_mutton":5,"minecraft:shulker_shell":2,"minecraft:poppy":7,"minecraft:gunpowder":13,"minecraft:melon_seeds":23,"minecraft:acacia_slab":5,"minecraft:iron_bars":2,"minecraft:arrow":21,"minecraft:quartz":131,"minecraft:oak_leaves":3,"minecraft:netherrack":2254,"minecraft:firework_rocket":36,"minecraft:water_bucket":3,"minecraft:bread":71,"minecraft:oak_slab":16,"minecraft:minecart":3,"minecraft:diamond_leggings":12,"minecraft:lead":1,"minecraft:amethyst_block":11,"minecraft:acacia_log":5,"minecraft:acacia_trapdoor":6,"minecraft:stick":17,"minecraft:diorite":125,"minecraft:brewing_stand":1,"minecraft:torch":8,"minecraft:melon_slice":37,"minecraft:brown_wool":1,"minecraft:iron_door":2,"minecraft:map":3,"minecraft:fire_charge":1,"minecraft:iron_leggings":4,"minecraft:smooth_quartz_slab":1,"minecraft:iron_axe":10,"minecraft:bucket":6,"minecraft:smooth_basalt":2,"minecraft:redstone":4,"minecraft:warped_nylium":14,"minecraft:oak_trapdoor":15,"minecraft:raw_copper":26,"minecraft:tuff":178,"minecraft:raw_iron":13,"minecraft:composter":2,"minecraft:light_gray_wool":1,"minecraft:iron_hoe":1,"minecraft:ender_eye":1,"minecraft:totem_of_undying":2,"minecraft:shulker_box":2,"minecraft:acacia_leaves":12,"minecraft:flint_and_steel":2,"minecraft:shield":10,"minecraft:oak_button":4,"minecraft:diamond_chestplate":3,"minecraft:dragon_egg":1,"minecraft:iron_chestplate":5,"minecraft:andesite":142,"minecraft:warped_fence":2,"minecraft:mossy_stone_bricks":4,"minecraft:oak_boat":4,"minecraft:oak_sapling":12,"minecraft:golden_sword":1,"minecraft:diamond_boots":6,"minecraft:stone_pickaxe":3,"minecraft:wooden_pickaxe":3,"minecraft:nether_quartz_ore":2,"minecraft:calcite":47},"minecraft:killed":{"minecraft:shulker":26,"minecraft:skeleton":46,"minecraft:iron_golem":1,"minecraft:ender_dragon":1,"minecraft:pillager":29,"minecraft:zombie":79,"minecraft:cow":3,"minecraft:evoker":3,"minecraft:vindicator":21,"minecraft:endermite":3,"minecraft:horse":3,"minecraft:snow_golem":12,"minecraft:ravager":1,"minecraft:enderman":4951,"minecraft:witch":4,"minecraft:spider":18,"minecraft:silverfish":6,"minecraft:piglin":18,"minecraft:pig":16,"minecraft:zombie_villager":4,"minecraft:creeper":10,"minecraft:sheep":19,"minecraft:ghast":1,"minecraft:blaze":18,"minecraft:armadillo":1,"minecraft:drowned":1,"minecraft:hoglin":6,"minecraft:wither_skeleton":5,"minecraft:villager":1}},"DataVersion":3953}