{"stats":{"minecraft:crafted":{"minecraft:crafting_table":1,"minecraft:stick":4,"minecraft:wooden_pickaxe":1,"minecraft:jungle_planks":28},"minecraft:picked_up":{"minecraft:wooden_axe":2,"minecraft:stick":2,"minecraft:crafting_table":2,"minecraft:chicken":1,"minecraft:jungle_log":7,"minecraft:wooden_pickaxe":1,"minecraft:jungle_planks":19,"minecraft:shield":2,"minecraft:gunpowder":2,"minecraft:dirt":12,"minecraft:iron_axe":2,"minecraft:rotten_flesh":4,"minecraft:wheat_seeds":1,"minecraft:iron_pickaxe":1,"minecraft:coal":76,"minecraft:cobblestone":2},"minecraft:used":{"minecraft:iron_axe":4,"minecraft:wooden_pickaxe":40,"minecraft:rotten_flesh":4,"minecraft:crafting_table":1},"minecraft:killed_by":{"minecraft:creeper":2},"minecraft:mined":{"minecraft:crafting_table":1,"minecraft:short_grass":2,"minecraft:coal_ore":39,"minecraft:vine":1,"minecraft:jungle_log":7,"minecraft:stone":1,"minecraft:fern":1},"minecraft:custom":{"minecraft:time_since_rest":1372,"minecraft:interact_with_furnace":1,"minecraft:sprint_one_cm":25789,"minecraft:damage_taken":760,"minecraft:walk_one_cm":24487,"minecraft:mob_kills":1,"minecraft:damage_dealt":79,"minecraft:interact_with_crafting_table":4,"minecraft:fly_one_cm":20928,"minecraft:crouch_one_cm":50,"minecraft:play_time":14896,"minecraft:deaths":2,"minecraft:sneak_time":52,"minecraft:jump":196,"minecraft:leave_game":3,"minecraft:time_since_death":1305,"minecraft:total_world_time":14896,"minecraft:fall_one_cm":7663},"minecraft:killed":{"minecraft:chicken":1}},"DataVersion":3953}